Genes,description,Bersenev,Chambers,Flach,Grover,Kirschner,Kowalczyk,Lazare,Mann,Maryanovich,Norddahl,Sun,Wahlestedt,Avg,Consistency,Order
Selp,"selectin, platelet [Source:MGI Symbol;Acc:MGI:98280]",3.273687659,5.952785834,1.682256463,1.047393659,0.617469802,0.993494677,2.154182076,1.075621029,4.090171202,2.775169489,2.495543057,3.141030537,2.441567124,12,1
Mt1,metallothionein 1 [Source:MGI Symbol;Acc:MGI:97171],2.380292482,5.576422021,NA,0.774329851,0.58809635,1.309815765,1.742664146,0.285047277,3.712901368,2.918932038,1.508273052,2.713056669,2.137257365,11,2
Nupr1,nuclear protein transcription regulator 1 [Source:MGI Symbol;Acc:MGI:1891834],1.524012954,0.844994579,NA,1.202829595,0.923387702,2.196010041,1.579603557,0.789569305,2.746007795,3.133715207,1.642493314,3.191099922,1.79761127,11,3
Plscr2,phospholipid scramblase 2 [Source:MGI Symbol;Acc:MGI:1270860],3.509136504,4.386225148,NA,0.972685321,NA,0.770392991,1.468573549,0.508464911,5.040178553,4.17898566,3.01699787,4.12444739,2.79760879,10,4
Clec1a,"C-type lectin domain family 1, member a [Source:MGI Symbol;Acc:MGI:2444151]",1.983957477,NA,1.245485152,1.004282325,NA,0.688183272,0.969389057,0.867699692,1.99013801,2.681304121,1.472334955,1.966815514,1.486958957,10,5
Gstm2,"glutathione S-transferase, mu 2 [Source:MGI Symbol;Acc:MGI:95861]",1.972984103,4.490903852,NA,0.372592516,NA,0.400013547,1.745558067,NA,3.34959586,2.534558988,2.560199734,2.969836166,2.266249204,9,6
Enpp5,ectonucleotide pyrophosphatase/phosphodiesterase 5 [Source:MGI Symbol;Acc:MGI:1933830],1.3100873,3.124216668,NA,0.720566866,NA,0.892084164,1.458878631,0.578882816,1.712805231,2.425141592,1.765455107,NA,1.554235375,9,7
Itgb3,integrin beta 3 [Source:MGI Symbol;Acc:MGI:96612],0.972797889,NA,1.349370161,0.649953228,NA,NA,1.13638942,0.518873138,2.055269454,1.632987818,1.457893731,1.530719565,1.256028267,9,8
Clca3a1,chloride channel accessory 3A1 [Source:MGI Symbol;Acc:MGI:1316732],2.701620865,NA,1.726142941,NA,0.720137035,NA,1.534362181,NA,5.157997043,3.317146701,2.567177537,3.057975213,2.59781994,8,9
Zg16,zymogen granule protein 16 [Source:MGI Symbol;Acc:MGI:1916286],2.545090365,2.768805312,1.272623946,NA,NA,NA,2.599980608,NA,10.45824976,3.349646079,3.540909685,2.603982975,3.642411091,8,10
Sbspon,"somatomedin B and thrombospondin, type 1 domain containing [Source:MGI Symbol;Acc:MGI:2684952]",2.253601179,NA,0.97752027,NA,NA,NA,2.466875615,0.606676161,4.673931374,4.966239576,3.880986934,5.998885375,3.22808956,8,11
Trpc1,"transient receptor potential cation channel, subfamily C, member 1 [Source:MGI Symbol;Acc:MGI:109528]",2.142873839,2.686629888,1.448517503,NA,NA,NA,1.046677729,NA,3.317399322,3.396065723,3.188875672,3.021129563,2.531021155,8,12
Gpr183,G protein-coupled receptor 183 [Source:MGI Symbol;Acc:MGI:2442034],1.804942712,NA,1.969398928,0.659818383,0.66062875,0.290168441,NA,0.486681469,NA,3.748615043,NA,3.229290584,1.606193039,8,13
Klhl4,kelch-like 4 [Source:MGI Symbol;Acc:MGI:2442829],1.645627108,NA,1.507399418,1.275400354,NA,NA,1.767336236,NA,1.474260516,1.661093695,1.643495935,1.653690644,1.578537988,8,14
Ptprk,"protein tyrosine phosphatase, receptor type, K [Source:MGI Symbol;Acc:MGI:103310]",1.502226385,NA,1.133472413,NA,NA,NA,0.991892154,0.253960056,2.021600701,1.94827302,2.221864924,1.955665101,1.503619344,8,15
Vwf,Von Willebrand factor [Source:MGI Symbol;Acc:MGI:98941],1.27059665,NA,NA,NA,NA,0.284538469,0.939653861,0.7578125,1.817636295,2.045137395,1.771409558,2.089372431,1.372019645,8,16
Cd38,CD38 antigen [Source:MGI Symbol;Acc:MGI:107474],1.260505376,NA,NA,NA,NA,0.265230002,1.25450037,0.394042615,1.93309158,2.769466117,2.035891497,2.679098247,1.573978226,8,17
Neo1,neogenin [Source:MGI Symbol;Acc:MGI:1097159],1.25983476,4.341932538,NA,0.445101184,NA,NA,1.111001586,NA,1.25852422,2.090896943,1.766811928,2.463465049,1.842196026,8,18
Fhl1,four and a half LIM domains 1 [Source:MGI Symbol;Acc:MGI:1298387],1.109149118,1.970342487,NA,0.913887499,NA,0.451518039,NA,NA,1.492328102,1.12896536,1.098155801,1.382578239,1.193365581,8,19
Pbx3,pre B cell leukemia homeobox 3 [Source:MGI Symbol;Acc:MGI:97496],0.879266164,1.882558768,NA,0.587900704,NA,NA,0.958007746,NA,1.215961414,1.045447531,1.165625987,1.102392205,1.104645065,8,20
Tm4sf1,transmembrane 4 superfamily member 1 [Source:MGI Symbol;Acc:MGI:104678],NA,3.912620676,NA,NA,NA,0.275115755,1.418246644,0.404925522,4.229446827,3.33293662,2.621410223,3.497414034,2.461514538,8,21
Alcam,activated leukocyte cell adhesion molecule [Source:MGI Symbol;Acc:MGI:1313266],NA,2.587378234,1.303714399,NA,NA,NA,1.238246498,0.318726046,1.206320306,1.530448601,1.453882655,1.540807508,1.397440531,8,22
Tdrd9,tudor domain containing 9 [Source:MGI Symbol;Acc:MGI:1921941],1.868244822,NA,1.243826721,NA,NA,NA,0.919707332,NA,4.90831161,4.391028908,3.965166705,3.559316578,2.979371811,7,23
Aldh1a1,"aldehyde dehydrogenase family 1, subfamily A1 [Source:MGI Symbol;Acc:MGI:1353450]",1.795511841,4.115193297,NA,1.153938907,NA,0.573306594,NA,0.681864973,NA,1.721111193,NA,1.966447467,1.715339182,7,24
Tmem47,transmembrane protein 47 [Source:MGI Symbol;Acc:MGI:2177570],1.742003797,2.474168437,1.302897347,NA,NA,NA,NA,NA,3.194062324,1.752395184,2.351381171,2.4928116,2.187102837,7,25
Gm10419,predicted gene 10419 [Source:MGI Symbol;Acc:MGI:3642823],1.679584598,NA,NA,NA,NA,0.321459392,1.300447473,NA,4.019229604,2.471943627,1.646863591,2.445308662,1.983548135,7,26
Dnm3,dynamin 3 [Source:MGI Symbol;Acc:MGI:1341299],1.646269077,NA,NA,0.387391475,NA,NA,1.2024676,NA,2.913758718,2.018662688,2.672561826,1.824222656,1.809333434,7,27
Ebi3,Epstein-Barr virus induced gene 3 [Source:MGI Symbol;Acc:MGI:1354171],-1.503116906,NA,-0.910352343,-0.403616077,-0.265941318,-0.856353807,NA,NA,NA,-1.496895799,NA,-1.800044448,-1.0337601,7,28
Dhrs3,dehydrogenase/reductase (SDR family) member 3 [Source:MGI Symbol;Acc:MGI:1315215],1.422021743,NA,NA,0.325513523,NA,1.108024472,NA,0.767443038,1.499089842,2.303749359,1.171541465,NA,1.228197635,7,29
Wwtr1,WW domain containing transcription regulator 1 [Source:MGI Symbol;Acc:MGI:1917649],1.396329256,6.721126702,NA,NA,NA,NA,0.96457547,NA,3.910667036,2.185968748,2.000249965,2.22989473,2.772687415,7,30
Plek,pleckstrin [Source:MGI Symbol;Acc:MGI:1860485],1.010404159,1.088678099,NA,1.626472744,NA,0.35579959,NA,NA,1.267315027,1.796448154,0.753840697,NA,1.128422638,7,31
Cd37,CD37 antigen [Source:MGI Symbol;Acc:MGI:88330],-0.718890575,-3.041017116,-0.684583072,NA,NA,-0.490895167,NA,NA,-0.686354786,NA,-1.069109062,-0.928908862,-1.088536948,7,32
Abca4,"ATP-binding cassette, sub-family A (ABC1), member 4 [Source:MGI Symbol;Acc:MGI:109424]",0.716931025,NA,NA,NA,0.336082711,NA,0.828522456,NA,2.511018613,2.472515188,1.62508826,1.644097485,1.44775082,7,33
Ramp2,receptor (calcitonin) activity modifying protein 2 [Source:MGI Symbol;Acc:MGI:1859650],2.012870419,NA,NA,NA,NA,NA,2.584250633,NA,1.886088402,3.321341622,3.368937875,2.359533701,2.588837108,6,34
Osmr,oncostatin M receptor [Source:MGI Symbol;Acc:MGI:1330819],1.972656501,NA,NA,NA,NA,NA,1.668346611,NA,8.917008932,3.694586857,3.547208322,4.558600944,4.059734694,6,35
Clu,clusterin [Source:MGI Symbol;Acc:MGI:88423],1.9332862,4.788507576,NA,0.941975422,NA,1.362489012,NA,NA,NA,3.129149843,NA,3.108199032,2.543934514,6,36
Fhdc1,FH2 domain containing 1 [Source:MGI Symbol;Acc:MGI:2684972],1.686743333,NA,NA,NA,NA,NA,0.769677756,NA,3.110521426,1.401802304,1.018950229,1.322360914,1.551675994,6,37
Ehd3,EH-domain containing 3 [Source:MGI Symbol;Acc:MGI:1928900],1.630295206,1.948963066,NA,NA,NA,0.745758268,NA,0.711035292,NA,2.260427539,NA,1.876896491,1.528895977,6,38
Pgr,progesterone receptor [Source:MGI Symbol;Acc:MGI:97567],1.61488528,NA,NA,NA,NA,NA,NA,0.276426607,2.008176131,1.637668791,1.770679175,2.475957841,1.630632304,6,39
Phf11d,PHD finger protein 11D [Source:MGI Symbol;Acc:MGI:1277133],1.568485849,NA,NA,NA,NA,NA,1.297642745,NA,2.192030395,1.720948635,2.005525943,1.201664376,1.664382991,6,40
Rorb,RAR-related orphan receptor beta [Source:MGI Symbol;Acc:MGI:1343464],1.405818567,NA,NA,NA,NA,NA,0.905805681,NA,4.481515039,2.559453696,3.912061892,1.688574518,2.492204899,6,41
Fap,fibroblast activation protein [Source:MGI Symbol;Acc:MGI:109608],1.388931372,2.695411615,NA,NA,NA,NA,NA,NA,3.300568434,3.989568416,2.012086137,2.815496319,2.700343716,6,42
Adgrg2,adhesion G protein-coupled receptor G2 [Source:MGI Symbol;Acc:MGI:2446854],1.230981425,NA,NA,NA,NA,NA,0.885701209,NA,2.969142107,2.682842565,1.398295741,2.925324271,2.01538122,6,43
Tacstd2,tumor-associated calcium signal transducer 2 [Source:MGI Symbol;Acc:MGI:1861606],1.22927803,1.573129141,NA,NA,NA,0.373577707,NA,NA,1.118246233,1.553932657,0.739705531,NA,1.097978216,6,44
Pros1,protein S (alpha) [Source:MGI Symbol;Acc:MGI:1095733],1.016819374,NA,NA,NA,NA,0.268108054,NA,NA,0.99939873,1.201036934,1.125562484,1.255583056,0.977751438,6,45
Matn4,matrilin 4 [Source:MGI Symbol;Acc:MGI:1328314],1.015899849,NA,NA,NA,NA,NA,1.049201671,0.44364028,9.21488217,NA,2.755122223,2.246731796,2.787579665,6,46
Tmem215,transmembrane protein 215 [Source:MGI Symbol;Acc:MGI:2444167],1.004679256,NA,NA,NA,NA,NA,1.297391407,NA,4.933989283,2.398953686,2.731465676,3.522504204,2.648163919,6,47
Cpne8,copine VIII [Source:MGI Symbol;Acc:MGI:1914121],0.926609605,NA,NA,NA,NA,NA,NA,0.480462659,1.752087647,1.48558992,1.503923108,1.85202241,1.333449225,6,48
Prcp,prolylcarboxypeptidase (angiotensinase C) [Source:MGI Symbol;Acc:MGI:1919711],0.921887555,NA,0.622744064,NA,NA,NA,NA,NA,0.842609892,0.999471945,1.1475762,1.030513222,0.927467146,6,49
Cd86,CD86 antigen [Source:MGI Symbol;Acc:MGI:101773],-0.721734177,NA,-1.373779483,NA,NA,NA,NA,NA,-1.519119197,-1.596521015,-1.775828821,-1.367765214,-1.392457984,6,50
Sult1a1,"sulfotransferase family 1A, phenol-preferring, member 1 [Source:MGI Symbol;Acc:MGI:102896]",NA,3.788032114,NA,1.444632188,NA,1.715941444,NA,1.125741627,NA,2.848187398,NA,2.018886699,2.156903578,6,51
Sdpr,NA,NA,4.745035952,NA,1.359072607,NA,0.465085676,NA,0.382154026,NA,2.374700146,NA,1.955498965,1.880257895,6,52
Efna1,ephrin A1 [Source:MGI Symbol;Acc:MGI:103236],NA,1.611208437,NA,NA,NA,0.590790793,NA,NA,1.451956679,0.599888541,1.021319025,0.949314043,1.03741292,6,53
Satb1,special AT-rich sequence binding protein 1 [Source:MGI Symbol;Acc:MGI:105084],NA,-1.337157762,-0.948882526,-0.483506294,NA,NA,NA,NA,-1.378937256,NA,-1.136958636,-2.006405348,-1.21530797,6,54
Plscr1,phospholipid scramblase 1 [Source:MGI Symbol;Acc:MGI:893575],NA,1.337793458,NA,NA,NA,NA,0.897903565,0.574496069,1.091893549,1.130145488,0.882167166,NA,0.985733216,6,55
Gadd45g,growth arrest and DNA-damage-inducible 45 gamma [Source:MGI Symbol;Acc:MGI:1346325],NA,NA,NA,0.413445881,NA,0.462093292,NA,NA,2.285996758,2.675483476,1.19793698,2.260622149,1.549263089,6,56
Tgm2,"transglutaminase 2, C polypeptide [Source:MGI Symbol;Acc:MGI:98731]",NA,NA,NA,0.859769855,NA,0.627232712,NA,0.750888721,0.941823014,1.04492311,0.781257343,NA,0.834315793,6,57
Prtn3,proteinase 3 [Source:MGI Symbol;Acc:MGI:893580],NA,NA,NA,NA,NA,1.235046819,NA,0.677969771,0.827183736,1.308002621,0.991070389,0.840102205,0.979895923,6,58
Rorc,RAR-related orphan receptor gamma [Source:MGI Symbol;Acc:MGI:104856],NA,NA,NA,NA,NA,0.364905211,NA,0.565022466,2.006912109,1.117528708,1.646343555,1.400878084,1.183598355,6,59
Bmpr1a,"bone morphogenetic protein receptor, type 1A [Source:MGI Symbol;Acc:MGI:1338938]",2.694994289,2.217300601,NA,0.778686885,NA,NA,NA,NA,NA,2.322770832,NA,2.157375311,2.034225584,5,60
Klrb1c,killer cell lectin-like receptor subfamily B member 1C [Source:MGI Symbol;Acc:MGI:107538],2.564622161,NA,NA,NA,NA,NA,1.71529802,0.450859123,2.117264604,NA,3.078955288,NA,1.985399839,5,61
Aspa,aspartoacylase [Source:MGI Symbol;Acc:MGI:87914],2.231535968,NA,NA,NA,NA,NA,NA,NA,2.58808505,1.637337484,1.428795501,2.306765551,2.038503911,5,62
Gem,GTP binding protein (gene overexpressed in skeletal muscle) [Source:MGI Symbol;Acc:MGI:99844],1.929471356,NA,NA,NA,NA,0.552009643,1.524000892,NA,0.923982074,NA,1.716432304,NA,1.329179254,5,63
Cysltr2,cysteinyl leukotriene receptor 2 [Source:MGI Symbol;Acc:MGI:1917336],1.858719127,NA,1.244231487,NA,0.394879353,NA,NA,NA,NA,1.716098835,NA,2.148220703,1.472429901,5,64
Sfrp1,secreted frizzled-related protein 1 [Source:MGI Symbol;Acc:MGI:892014],1.607073666,NA,NA,NA,NA,NA,NA,NA,1.231126263,1.831671954,1.67273683,1.274736655,1.523469074,5,65
Jam2,junction adhesion molecule 2 [Source:MGI Symbol;Acc:MGI:1933820],1.583748792,NA,NA,0.446874972,NA,NA,NA,0.502746726,NA,2.472464125,NA,2.230768593,1.447320641,5,66
Rassf4,Ras association (RalGDS/AF-6) domain family member 4 [Source:MGI Symbol;Acc:MGI:2386853],-1.508203662,NA,NA,NA,NA,NA,NA,NA,-1.556141746,-1.58268739,-0.744781376,-1.187984925,-1.31595982,5,67
Nrk,Nik related kinase [Source:MGI Symbol;Acc:MGI:1351326],-1.425775069,-2.906167156,NA,NA,NA,NA,-1.164109672,NA,-1.423712084,NA,-1.529200029,NA,-1.689792802,5,68
Lpl,lipoprotein lipase [Source:MGI Symbol;Acc:MGI:96820],1.403869469,2.606574643,NA,NA,NA,NA,NA,NA,1.614517823,NA,1.331267685,2.33763496,1.858772916,5,69
Il1rapl2,interleukin 1 receptor accessory protein-like 2 [Source:MGI Symbol;Acc:MGI:1913106],1.390893721,NA,NA,NA,NA,NA,NA,NA,2.376878356,0.998564618,1.668093327,1.364129633,1.559711931,5,70
Muc1,"mucin 1, transmembrane [Source:MGI Symbol;Acc:MGI:97231]",1.304575593,NA,NA,NA,NA,NA,NA,NA,4.874942177,3.19123172,2.37854933,1.71879361,2.693618486,5,71
Zswim5,zinc finger SWIM-type containing 5 [Source:MGI Symbol;Acc:MGI:1921714],1.220318999,NA,NA,NA,NA,NA,NA,NA,6.082027868,1.731429368,1.630790402,1.426478097,2.418208947,5,72
B3galt1,"UDP-Gal:betaGlcNAc beta 1,3-galactosyltransferase, polypeptide 1 [Source:MGI Symbol;Acc:MGI:1349403]",1.195118484,NA,NA,NA,NA,NA,NA,NA,2.866674279,1.485567048,1.277447333,2.121605797,1.789282588,5,73
Mab21l2,mab-21-like 2 [Source:MGI Symbol;Acc:MGI:1346022],1.163845253,NA,NA,NA,NA,NA,2.237604955,NA,10.41714027,2.749286144,5.788954271,NA,4.471366178,5,74
Casp12,caspase 12 [Source:MGI Symbol;Acc:MGI:1312922],1.161391659,NA,NA,NA,NA,NA,NA,NA,1.275082362,1.079238775,0.896519056,1.133713235,1.109189017,5,75
Hnf4a,"hepatic nuclear factor 4, alpha [Source:MGI Symbol;Acc:MGI:109128]",-1.121460737,NA,NA,NA,NA,NA,NA,NA,-1.34703572,-1.178092285,-1.634275057,-1.481582646,-1.352489289,5,76
Pcdhb16,protocadherin beta 16 [Source:MGI Symbol;Acc:MGI:2136752],1.099308148,NA,NA,NA,NA,NA,0.940309626,NA,1.683218363,NA,1.551480422,1.776795284,1.410222369,5,77
Dsg2,desmoglein 2 [Source:MGI Symbol;Acc:MGI:1196466],1.092849725,NA,NA,NA,NA,NA,NA,NA,1.826353989,1.886683372,1.811025428,2.077737273,1.738929957,5,78
Trim47,tripartite motif-containing 47 [Source:MGI Symbol;Acc:MGI:1917374],1.07015965,NA,NA,NA,NA,0.427830816,NA,NA,NA,1.299725853,1.043105948,1.229408716,1.014046197,5,79
Gipc2,"GIPC PDZ domain containing family, member 2 [Source:MGI Symbol;Acc:MGI:1889209]",1.027710266,NA,NA,NA,NA,NA,NA,NA,9.734428239,1.379162577,4.70716888,2.042796988,3.77825339,5,80
Rhoj,ras homolog family member J [Source:MGI Symbol;Acc:MGI:1931551],0.985892807,NA,NA,NA,NA,NA,NA,NA,1.072028298,1.806262386,1.242621239,1.0382173,1.229004406,5,81
Tmem56,transmembrane protein 56 [Source:MGI Symbol;Acc:MGI:1923195],0.95358306,3.630023083,NA,NA,NA,NA,NA,NA,NA,2.561635058,0.702120913,2.877567214,2.144985866,5,82
Stom,stomatin [Source:MGI Symbol;Acc:MGI:95403],0.941187979,2.637011423,NA,NA,NA,NA,0.887941103,NA,0.618559649,NA,0.519319169,NA,1.120803865,5,83
Cd34,CD34 antigen [Source:MGI Symbol;Acc:MGI:88329],-0.927987472,NA,-0.740462989,NA,NA,-0.640145115,-1.097512246,NA,NA,NA,-0.859492472,NA,-0.853120059,5,84
Abcb1a,"ATP-binding cassette, sub-family B (MDR/TAP), member 1A [Source:MGI Symbol;Acc:MGI:97570]",0.892528324,NA,NA,NA,NA,NA,NA,NA,1.647668801,1.308481565,0.74073954,1.711737529,1.260231152,5,85
Serpinb6a,"serine (or cysteine) peptidase inhibitor, clade B, member 6a [Source:MGI Symbol;Acc:MGI:103123]",0.845396994,NA,NA,NA,NA,NA,NA,NA,0.651997078,1.015335276,0.889530138,1.053708807,0.891193659,5,86
Il15,interleukin 15 [Source:MGI Symbol;Acc:MGI:103014],-0.809604262,NA,NA,NA,NA,-0.543056096,NA,NA,-0.708596725,NA,-0.772453801,-0.898251663,-0.746392509,5,87
Tm6sf1,transmembrane 6 superfamily member 1 [Source:MGI Symbol;Acc:MGI:1933209],-0.801011683,NA,NA,NA,NA,NA,NA,NA,-1.235460465,-1.509588951,-0.779655498,-0.80518081,-1.026179481,5,88
Rnase6,"ribonuclease, RNase A family, 6 [Source:MGI Symbol;Acc:MGI:1925666]",-0.792327732,NA,-1.154961957,NA,NA,-0.525927679,NA,NA,NA,-1.313715143,NA,-1.821246732,-1.121635849,5,89
Stxbp4,syntaxin binding protein 4 [Source:MGI Symbol;Acc:MGI:1342296],0.723509623,NA,NA,NA,NA,NA,NA,NA,1.284323365,1.345092773,0.623351294,1.113645014,1.017984414,5,90
Mmp2,matrix metallopeptidase 2 [Source:MGI Symbol;Acc:MGI:97009],-0.710607431,-3.998466863,NA,NA,NA,NA,NA,NA,-1.587192616,NA,-1.527233148,-1.738263798,-1.912352771,5,91
Arhgap29,Rho GTPase activating protein 29 [Source:MGI Symbol;Acc:MGI:2443818],0.709707424,NA,NA,NA,NA,NA,NA,NA,0.810764981,1.322988758,1.043702927,1.035647115,0.984562241,5,92
Arhgap30,Rho GTPase activating protein 30 [Source:MGI Symbol;Acc:MGI:2684948],-0.69704063,NA,NA,NA,NA,NA,NA,NA,-0.503117756,-1.38284727,-1.057350396,-1.005211433,-0.929113497,5,93
Slamf1,signaling lymphocytic activation molecule family member 1 [Source:MGI Symbol;Acc:MGI:1351314],0.658486977,NA,NA,NA,NA,NA,NA,NA,1.023913231,1.080048771,0.997220594,0.882014603,0.928336835,5,94
Npdc1,"neural proliferation, differentiation and control 1 [Source:MGI Symbol;Acc:MGI:1099802]",0.655367781,NA,NA,NA,NA,0.372838599,NA,NA,1.409162462,0.717583707,0.782172331,NA,0.787424976,5,95
Ndrg1,N-myc downstream regulated gene 1 [Source:MGI Symbol;Acc:MGI:1341799],0.646503444,1.360591786,NA,0.511399564,NA,NA,NA,NA,NA,0.970115105,NA,0.733983659,0.844518712,5,96
Abat,4-aminobutyrate aminotransferase [Source:MGI Symbol;Acc:MGI:2443582],0.598724113,NA,NA,NA,NA,NA,NA,NA,2.740410982,1.759691461,1.377627364,1.860673309,1.667425446,5,97
Abcb1b,"ATP-binding cassette, sub-family B (MDR/TAP), member 1B [Source:MGI Symbol;Acc:MGI:97568]",0.571001259,NA,NA,NA,NA,NA,NA,NA,0.817755723,1.252703384,0.526703336,1.129468177,0.859526376,5,98
Dennd5b,DENN/MADD domain containing 5B [Source:MGI Symbol;Acc:MGI:2444273],0.561840484,NA,NA,NA,NA,NA,NA,NA,0.930463293,1.993923954,0.689270486,1.492734458,1.133646535,5,99
Tsc22d1,"TSC22 domain family, member 1 [Source:MGI Symbol;Acc:MGI:109127]",0.476190462,0.113820204,NA,NA,NA,0.499855735,NA,NA,0.912576488,NA,0.694605189,NA,0.539409616,5,100
Anxa6,annexin A6 [Source:MGI Symbol;Acc:MGI:88255],NA,-3.880724959,NA,NA,NA,-0.428615637,NA,NA,-1.412204354,NA,-1.048762928,-1.056391252,-1.565339826,5,101
Ghr,growth hormone receptor [Source:MGI Symbol;Acc:MGI:95708],NA,2.175474428,NA,NA,NA,NA,NA,NA,0.98496782,1.224598853,1.076906141,1.354815029,1.363352454,5,102
Mef2c,myocyte enhancer factor 2C [Source:MGI Symbol;Acc:MGI:99458],NA,1.442368126,0.609960278,NA,NA,NA,NA,NA,0.4193223,0.963394459,0.587802137,NA,0.80456946,5,103
Cytip,cytohesin 1 interacting protein [Source:MGI Symbol;Acc:MGI:2183535],NA,1.872375976,NA,NA,NA,NA,NA,NA,0.826795963,1.025371971,1.001111387,0.752023043,1.095535668,5,104
Mcm7,minichromosome maintenance complex component 7 [Source:MGI Symbol;Acc:MGI:1298398],NA,-2.117772062,-0.687330571,NA,NA,-0.608966411,NA,NA,NA,-0.69988,-0.471906751,NA,-0.917171159,5,105
Perp,"PERP, TP53 apoptosis effector [Source:MGI Symbol;Acc:MGI:1929938]",NA,2.877381027,NA,NA,NA,NA,NA,NA,1.36681369,1.611722307,1.708391003,1.786278608,1.870117327,5,106
Thbd,thrombomodulin [Source:MGI Symbol;Acc:MGI:98736],NA,1.78040194,NA,NA,NA,NA,NA,NA,1.499342195,0.960383479,0.843667042,1.254365321,1.267631995,5,107
Lamp2,lysosomal-associated membrane protein 2 [Source:MGI Symbol;Acc:MGI:96748],NA,2.606917875,NA,NA,NA,NA,NA,NA,0.613592727,0.822614795,0.988843605,0.716144818,1.149622764,5,108
Cntn1,contactin 1 [Source:MGI Symbol;Acc:MGI:105980],NA,2.345401339,NA,NA,NA,NA,NA,NA,9.558266967,2.770110037,3.083557381,2.467810465,4.045029238,5,109
Cyb561,cytochrome b-561 [Source:MGI Symbol;Acc:MGI:103253],NA,3.045017638,NA,NA,NA,NA,NA,NA,2.696787815,1.753067135,1.045329845,1.6392377,2.035888027,5,110
Plac8,placenta-specific 8 [Source:MGI Symbol;Acc:MGI:2445289],NA,NA,-1.629781916,NA,NA,-0.638556549,NA,-0.309549846,-2.211173832,NA,NA,-2.03394901,-1.364602231,5,111
Cyp26b1,"cytochrome P450, family 26, subfamily b, polypeptide 1 [Source:MGI Symbol;Acc:MGI:2176159]",NA,NA,NA,0.582075798,NA,NA,1.338519777,0.294584379,1.623154593,NA,1.721317053,NA,1.11193032,5,112
Lst1,leukocyte specific transcript 1 [Source:MGI Symbol;Acc:MGI:1096324],NA,NA,NA,NA,-0.621654214,NA,NA,NA,-1.387258631,-0.897355095,-0.682790716,-1.099944775,-0.937800686,5,113
Nrg4,neuregulin 4 [Source:MGI Symbol;Acc:MGI:1933833],NA,NA,NA,NA,NA,0.252141091,NA,NA,1.266814504,1.715551624,1.330876765,1.735148415,1.26010648,5,114
Tmem176a,transmembrane protein 176A [Source:MGI Symbol;Acc:MGI:1913308],NA,NA,NA,NA,NA,0.530940604,NA,0.663934755,0.56212687,0.646259539,0.722373664,NA,0.625127087,5,115
Lpar6,lysophosphatidic acid receptor 6 [Source:MGI Symbol;Acc:MGI:1914418],NA,NA,NA,NA,NA,0.327618581,NA,0.275761515,NA,1.429686347,1.130516702,1.084896205,0.84969587,5,116
Tc2n,"tandem C2 domains, nuclear [Source:MGI Symbol;Acc:MGI:1921663]",NA,NA,NA,NA,NA,NA,1.375399538,NA,3.508899441,2.589634952,3.042865145,2.95498581,2.694356977,5,117
Vldlr,very low density lipoprotein receptor [Source:MGI Symbol;Acc:MGI:98935],NA,NA,NA,NA,NA,NA,1.63246966,NA,1.145698727,1.674269648,1.039853859,1.229532011,1.344364781,5,118
Procr,"protein C receptor, endothelial [Source:MGI Symbol;Acc:MGI:104596]",NA,NA,NA,NA,NA,NA,NA,0.470474134,0.593281961,0.771538881,0.660624792,0.666536947,0.632491343,5,119
Runx1t1,RUNX1 translocation partner 1 [Source:MGI Symbol;Acc:MGI:104793],NA,NA,NA,NA,NA,NA,NA,0.354497638,1.131425407,1.639497134,1.168882046,1.970005631,1.252861571,5,120
Flt3,FMS-like tyrosine kinase 3 [Source:MGI Symbol;Acc:MGI:95559],-1.6684282,NA,NA,-0.277499271,NA,NA,-1.030359823,NA,NA,NA,-1.5794146,NA,-1.138925473,4,121
Cavin2,caveolae associated 2 [Source:MGI Symbol;Acc:MGI:99513],1.642477608,NA,NA,NA,NA,NA,1.004774078,NA,2.590474154,NA,1.544240779,NA,1.695491654,4,122
Hpgds,hematopoietic prostaglandin D synthase [Source:MGI Symbol;Acc:MGI:1859384],1.621375951,NA,1.006017848,NA,NA,NA,NA,NA,1.735759963,NA,1.242931395,NA,1.401521289,4,123
Mmp14,matrix metallopeptidase 14 (membrane-inserted) [Source:MGI Symbol;Acc:MGI:101900],1.477361925,1.761173315,NA,NA,NA,NA,NA,NA,NA,1.727761226,NA,1.138202497,1.52612474,4,124
Jun,jun proto-oncogene [Source:MGI Symbol;Acc:MGI:96646],1.321758934,NA,NA,NA,0.54125292,NA,NA,0.583036378,1.204169439,NA,NA,NA,0.912554418,4,125
Egr1,early growth response 1 [Source:MGI Symbol;Acc:MGI:95295],1.315720823,NA,0.729313961,1.327757844,NA,NA,NA,NA,NA,NA,0.879140781,NA,1.062983352,4,126
Id2,inhibitor of DNA binding 2 [Source:MGI Symbol;Acc:MGI:96397],1.270937167,NA,NA,1.102779062,NA,NA,NA,NA,NA,1.583742156,NA,1.390202781,1.336915292,4,127
Bcl6,B cell leukemia/lymphoma 6 [Source:MGI Symbol;Acc:MGI:107187],1.253952236,NA,NA,NA,NA,NA,NA,NA,0.889784953,1.104134214,1.054600138,NA,1.075617885,4,128
S100a6,S100 calcium binding protein A6 (calcyclin) [Source:MGI Symbol;Acc:MGI:1339467],1.24639155,1.006775367,NA,NA,NA,NA,NA,NA,1.097056739,NA,1.60676905,NA,1.239248176,4,129
Il12rb2,"interleukin 12 receptor, beta 2 [Source:MGI Symbol;Acc:MGI:1270861]",-1.239918214,NA,-0.783741554,NA,NA,NA,NA,NA,-1.912715308,NA,-1.913287901,NA,-1.462415744,4,130
Cyyr1,cysteine and tyrosine-rich protein 1 [Source:MGI Symbol;Acc:MGI:2152187],1.191653799,NA,NA,NA,NA,NA,NA,NA,NA,1.197684832,0.721432578,1.527442029,1.15955331,4,131
Kcnip3,"Kv channel interacting protein 3, calsenilin [Source:MGI Symbol;Acc:MGI:1929258]",1.154081726,NA,NA,NA,NA,0.278802912,NA,NA,1.309043313,NA,0.752489675,NA,0.873604407,4,132
Mgst1,microsomal glutathione S-transferase 1 [Source:MGI Symbol;Acc:MGI:1913850],-1.133254201,NA,NA,NA,NA,-0.426438836,NA,NA,-1.161788269,NA,NA,-1.094032918,-0.953878556,4,133
Zfp36,zinc finger protein 36 [Source:MGI Symbol;Acc:MGI:99180],1.061805508,2.657821705,NA,NA,1.380075396,1.000153767,NA,NA,NA,NA,NA,NA,1.524964094,4,134
C4b,complement component 4B (Chido blood group) [Source:MGI Symbol;Acc:MGI:88228],1.034576099,NA,NA,NA,NA,NA,1.129004912,NA,4.593699855,NA,2.390093515,NA,2.286843595,4,135
Csf2rb,"colony stimulating factor 2 receptor, beta, low-affinity (granulocyte-macrophage) [Source:MGI Symbol;Acc:MGI:1339759]",-0.994667848,NA,-0.693399762,NA,NA,NA,NA,NA,NA,-1.469283803,NA,-1.596007991,-1.188339851,4,136
Lsr,lipolysis stimulated lipoprotein receptor [Source:MGI Symbol;Acc:MGI:1927471],0.933019041,NA,NA,NA,NA,NA,NA,NA,0.958077933,1.155968516,1.448290444,NA,1.123838984,4,137
Ect2,ect2 oncogene [Source:MGI Symbol;Acc:MGI:95281],-0.928418235,-0.674669892,-0.800846479,NA,NA,NA,NA,NA,NA,NA,-0.733287705,NA,-0.784305578,4,138
Fyb,FYN binding protein [Source:MGI Symbol;Acc:MGI:1346327],0.909174523,NA,1.181019886,NA,NA,0.303729695,NA,NA,NA,0.951851282,NA,NA,0.836443847,4,139
Myo1e,myosin IE [Source:MGI Symbol;Acc:MGI:106621],0.863510272,NA,NA,NA,NA,NA,NA,NA,1.895375905,0.85275,1.002234001,NA,1.153467545,4,140
Zfp334,zinc finger protein 334 [Source:MGI Symbol;Acc:MGI:2388656],0.858677459,NA,NA,NA,NA,NA,NA,NA,1.875907661,1.164026378,1.44496581,NA,1.335894327,4,141
Serpinb8,"serine (or cysteine) peptidase inhibitor, clade B, member 8 [Source:MGI Symbol;Acc:MGI:894657]",0.83836546,NA,NA,NA,NA,NA,NA,NA,1.296815876,1.317379002,0.505741957,NA,0.989575574,4,142
Cxcl16,chemokine (C-X-C motif) ligand 16 [Source:MGI Symbol;Acc:MGI:1932682],0.828093137,NA,NA,NA,NA,NA,NA,NA,NA,0.601498335,1.020903082,1.335870555,0.946591277,4,143
Ppp1r16b,"protein phosphatase 1, regulatory subunit 16B [Source:MGI Symbol;Acc:MGI:2151841]",0.824753297,NA,NA,NA,NA,NA,NA,0.301355435,0.894339522,NA,0.784715915,NA,0.701291042,4,144
Rbpjl,recombination signal binding protein for immunoglobulin kappa J region-like [Source:MGI Symbol;Acc:MGI:1196616],0.797807321,NA,NA,NA,NA,NA,1.39160924,NA,8.964569462,NA,2.651250193,NA,3.451309054,4,145
Nckap1,NCK-associated protein 1 [Source:MGI Symbol;Acc:MGI:1355333],0.77915963,NA,NA,NA,NA,NA,NA,NA,NA,1.286258247,0.867665631,0.967570577,0.975163521,4,146
Clec1b,"C-type lectin domain family 1, member b [Source:MGI Symbol;Acc:MGI:1913287]",0.771664598,2.606943265,NA,NA,NA,NA,NA,NA,NA,1.418164561,0.980432537,NA,1.44430124,4,147
Slc6a15,"solute carrier family 6 (neurotransmitter transporter), member 15 [Source:MGI Symbol;Acc:MGI:2143484]",0.761959029,3.497558101,NA,NA,NA,NA,NA,NA,0.541165742,NA,0.665084131,NA,1.366441751,4,148
Pclo,piccolo (presynaptic cytomatrix protein) [Source:MGI Symbol;Acc:MGI:1349390],0.723890782,2.418967766,NA,NA,NA,NA,NA,NA,NA,2.243632431,NA,2.597126797,1.995904444,4,149
Lsp1,lymphocyte specific 1 [Source:MGI Symbol;Acc:MGI:96832],-0.704331697,NA,NA,NA,NA,-0.613360463,NA,NA,-0.483728768,NA,-0.399840537,NA,-0.550315366,4,150
Slc28a2,"solute carrier family 28 (sodium-coupled nucleoside transporter), member 2 [Source:MGI Symbol;Acc:MGI:1913105]",-0.692715825,NA,NA,NA,NA,-0.298274117,NA,NA,-0.644826347,NA,-0.839703489,NA,-0.618879944,4,151
Arhgef28,Rho guanine nucleotide exchange factor (GEF) 28 [Source:MGI Symbol;Acc:MGI:1346016],0.691200139,NA,0.900397192,NA,NA,NA,NA,NA,NA,0.984461368,NA,1.173231099,0.93732245,4,152
Tnfsf10,"tumor necrosis factor (ligand) superfamily, member 10 [Source:MGI Symbol;Acc:MGI:107414]",0.654600365,NA,NA,NA,NA,NA,NA,NA,0.567190951,NA,0.927431799,0.882228191,0.757862826,4,153
Cd9,CD9 antigen [Source:MGI Symbol;Acc:MGI:88348],0.641443793,2.22371154,NA,NA,NA,NA,NA,NA,0.753702788,NA,0.547142359,NA,1.04150012,4,154
Pla2g4a,"phospholipase A2, group IVA (cytosolic, calcium-dependent) [Source:MGI Symbol;Acc:MGI:1195256]",0.632782084,1.537270403,NA,NA,NA,NA,NA,NA,0.642225874,NA,0.447556747,NA,0.814958777,4,155
Col4a2,"collagen, type IV, alpha 2 [Source:MGI Symbol;Acc:MGI:88455]",-0.581915233,NA,NA,NA,NA,NA,NA,NA,-1.22157296,NA,-1.132542776,-1.086592519,-1.005655872,4,156
Dhx40,DEAH (Asp-Glu-Ala-His) box polypeptide 40 [Source:MGI Symbol;Acc:MGI:1914737],0.563655793,NA,NA,NA,NA,NA,NA,NA,1.333529229,NA,0.826659159,1.028678067,0.938130562,4,157
Evc,EvC ciliary complex subunit 1 [Source:MGI Symbol;Acc:MGI:1890596],0.536347357,NA,NA,NA,NA,NA,NA,NA,1.168595384,NA,0.803343105,0.977075608,0.871340364,4,158
Trpc6,"transient receptor potential cation channel, subfamily C, member 6 [Source:MGI Symbol;Acc:MGI:109523]",0.485440536,NA,NA,NA,NA,NA,NA,NA,0.445679891,0.678190558,0.575014571,NA,0.546081389,4,159
Slc14a1,"solute carrier family 14 (urea transporter), member 1 [Source:MGI Symbol;Acc:MGI:1351654]",NA,2.040307441,0.69742772,NA,NA,NA,NA,NA,0.650981191,NA,0.446908751,NA,0.958906276,4,160
Lgals1,"lectin, galactose binding, soluble 1 [Source:MGI Symbol;Acc:MGI:96777]",NA,-3.647598432,-1.486846895,NA,NA,NA,NA,NA,NA,-1.987492891,NA,-1.40384469,-2.131445727,4,161
Ndn,necdin [Source:MGI Symbol;Acc:MGI:97290],NA,0.797895563,NA,NA,NA,NA,NA,NA,0.771888284,NA,0.874714843,0.700610494,0.786277296,4,162
Sell,"selectin, lymphocyte [Source:MGI Symbol;Acc:MGI:98279]",NA,1.021864587,-1.090827657,-0.370290986,NA,NA,NA,NA,NA,-1.885776595,NA,NA,-0.581257663,4,164
Mllt3,"myeloid/lymphoid or mixed-lineage leukemia; translocated to, 3 [Source:MGI Symbol;Acc:MGI:1917372]",NA,2.186890075,NA,NA,NA,NA,NA,NA,NA,0.674678217,0.579021956,0.9916927,1.108070737,4,165
Gstm7,"glutathione S-transferase, mu 7 [Source:MGI Symbol;Acc:MGI:1915562]",NA,1.002385498,NA,NA,NA,-0.251359894,NA,NA,1.030148923,NA,0.931635042,NA,0.678202392,4,166
Anxa2,annexin A2 [Source:MGI Symbol;Acc:MGI:88246],NA,-0.872877767,-1.000599444,NA,NA,-0.470522874,NA,NA,-0.710140156,NA,NA,NA,-0.76353506,4,167
Oxr1,oxidation resistance 1 [Source:MGI Symbol;Acc:MGI:2179326],NA,1.27846194,NA,NA,NA,0.565020226,NA,NA,NA,1.324111423,NA,1.210012099,1.094401422,4,168
Gstm1,"glutathione S-transferase, mu 1 [Source:MGI Symbol;Acc:MGI:95860]",NA,0.726687114,NA,0.839688824,NA,NA,NA,NA,0.530122754,NA,0.684383755,NA,0.695220612,4,169
Dnmt3b,DNA methyltransferase 3B [Source:MGI Symbol;Acc:MGI:1261819],NA,-1.988989838,NA,NA,NA,NA,NA,NA,-0.755917626,-1.058307391,-0.58120562,NA,-1.096105119,4,170
Btg2,BTG anti-proliferation factor 2 [Source:MGI Symbol;Acc:MGI:108384],NA,-2.614423953,NA,2.1310989,1.787170911,0.511563236,NA,NA,NA,NA,NA,NA,0.453852273,4,171
Ctss,cathepsin S [Source:MGI Symbol;Acc:MGI:107341],NA,1.482509043,-1.489829335,NA,NA,NA,NA,NA,-0.916415367,-1.793884127,NA,NA,-0.679404947,4,172
Acsl4,acyl-CoA synthetase long-chain family member 4 [Source:MGI Symbol;Acc:MGI:1354713],NA,1.77875926,NA,NA,NA,NA,NA,NA,0.426694785,1.092949519,0.497032033,NA,0.948858899,4,173
Muc13,"mucin 13, epithelial transmembrane [Source:MGI Symbol;Acc:MGI:103190]",NA,0.779533581,0.592644506,NA,NA,NA,NA,NA,0.465289483,0.65854237,NA,NA,0.624002485,4,174
Socs2,suppressor of cytokine signaling 2 [Source:MGI Symbol;Acc:MGI:1201787],NA,NA,-1.672897411,-0.68133942,NA,NA,NA,NA,-1.825417255,NA,-1.488764232,NA,-1.417104579,4,175
Mamdc2,MAM domain containing 2 [Source:MGI Symbol;Acc:MGI:1918988],NA,NA,-1.117226371,NA,NA,-0.513367462,NA,NA,NA,-0.811970395,NA,-0.814999793,-0.814391005,4,176
Gda,guanine deaminase [Source:MGI Symbol;Acc:MGI:95678],NA,NA,1.283180306,NA,NA,NA,NA,0.703003522,NA,2.611729918,NA,1.801034955,1.599737175,4,177
Mlec,malectin [Source:MGI Symbol;Acc:MGI:1924015],NA,NA,-0.667645177,-0.718361996,NA,NA,NA,NA,-0.526664628,-0.771866868,NA,NA,-0.671134667,4,178
Plscr4,phospholipid scramblase 4 [Source:MGI Symbol;Acc:MGI:2143267],NA,NA,0.791520881,NA,NA,NA,NA,NA,0.597481432,0.996950815,0.669994092,NA,0.763986805,4,179
Sema7a,"sema domain, immunoglobulin domain (Ig), and GPI membrane anchor, (semaphorin) 7A [Source:MGI Symbol;Acc:MGI:1306826]",NA,NA,0.951749018,NA,NA,NA,NA,NA,NA,1.092742526,0.788711257,0.888918424,0.930530306,4,180
Plxdc2,plexin domain containing 2 [Source:MGI Symbol;Acc:MGI:1914698],NA,NA,-0.693476038,NA,NA,NA,NA,NA,-1.449605535,-1.206667904,-0.754024514,NA,-1.025943498,4,181
Rfc2,replication factor C (activator 1) 2 [Source:MGI Symbol;Acc:MGI:1341868],NA,NA,-0.780001127,NA,NA,-0.559001811,NA,NA,NA,-0.630616677,-0.597690975,NA,-0.641827647,4,182
Art4,ADP-ribosyltransferase 4 [Source:MGI Symbol;Acc:MGI:1202710],NA,NA,NA,0.582170578,NA,NA,NA,NA,0.70811015,1.557193956,0.827680572,NA,0.918788814,4,183
Exoc6b,exocyst complex component 6B [Source:MGI Symbol;Acc:MGI:1923164],NA,NA,NA,0.392402509,NA,NA,NA,0.621685462,NA,1.23876377,1.056127484,NA,0.827244806,4,184
Mcm5,minichromosome maintenance complex component 5 [Source:MGI Symbol;Acc:MGI:103197],NA,NA,NA,-0.380073506,NA,-0.603180878,NA,NA,NA,-1.021095456,-0.553044662,NA,-0.639348625,4,185
Gpx3,glutathione peroxidase 3 [Source:MGI Symbol;Acc:MGI:105102],NA,NA,NA,NA,NA,0.583650642,NA,0.287881877,1.9022427,NA,1.014272636,NA,0.947011964,4,186
Tox,thymocyte selection-associated high mobility group box [Source:MGI Symbol;Acc:MGI:2181659],NA,NA,NA,NA,NA,0.500274118,NA,NA,0.786046978,1.28986691,0.883822199,NA,0.865002551,4,187
Ly6e,"lymphocyte antigen 6 complex, locus E [Source:MGI Symbol;Acc:MGI:106651]",NA,NA,NA,NA,NA,0.489786092,NA,NA,0.388369733,0.581533303,0.612497072,NA,0.51804655,4,188
Mmrn1,multimerin 1 [Source:MGI Symbol;Acc:MGI:1918195],NA,NA,NA,NA,NA,0.434037373,NA,NA,0.575332674,0.891205161,0.727998916,NA,0.657143531,4,189
Cd63,CD63 antigen [Source:MGI Symbol;Acc:MGI:99529],NA,NA,NA,NA,NA,0.389365078,NA,0.480207877,0.424241112,NA,0.539603478,NA,0.458354386,4,190
Rdh10,retinol dehydrogenase 10 (all-trans) [Source:MGI Symbol;Acc:MGI:1924238],NA,NA,NA,NA,NA,NA,1.132758528,NA,NA,1.404402294,1.266026282,1.018158265,1.205336342,4,191
Amotl2,angiomotin-like 2 [Source:MGI Symbol;Acc:MGI:1929286],NA,NA,NA,NA,NA,NA,0.913182912,NA,2.766591659,NA,1.466116529,1.510113276,1.664001094,4,192
Plcl1,phospholipase C-like 1 [Source:MGI Symbol;Acc:MGI:3036262],NA,NA,NA,NA,NA,NA,0.808043245,NA,NA,2.324634017,1.250455287,1.50055558,1.470922033,4,193
Ptger4,prostaglandin E receptor 4 (subtype EP4) [Source:MGI Symbol;Acc:MGI:104311],NA,NA,NA,NA,NA,NA,1.113292549,NA,NA,1.48687691,1.104662126,1.142648504,1.211870022,4,194
Maf,avian musculoaponeurotic fibrosarcoma oncogene homolog [Source:MGI Symbol;Acc:MGI:96909],NA,NA,NA,NA,NA,NA,1.179932908,NA,3.14482094,NA,1.58582541,1.73415829,1.911184387,4,195
Vmp1,vacuole membrane protein 1 [Source:MGI Symbol;Acc:MGI:1923159],NA,NA,NA,NA,NA,NA,NA,0.720700435,NA,1.339417253,1.045442321,1.045395463,1.037738868,4,196
Rab34,"RAB34, member RAS oncogene family [Source:MGI Symbol;Acc:MGI:104606]",NA,NA,NA,NA,NA,NA,NA,NA,1.842628856,0.808687138,0.730990405,1.34178953,1.181023982,4,197
Tbc1d8,"TBC1 domain family, member 8 [Source:MGI Symbol;Acc:MGI:1927225]",NA,NA,NA,NA,NA,NA,NA,NA,0.65951127,1.283994896,0.786795026,1.117510248,0.96195286,4,198
Ddr1,"discoidin domain receptor family, member 1 [Source:MGI Symbol;Acc:MGI:99216]",NA,NA,NA,NA,NA,NA,NA,NA,2.485840032,1.879543378,1.539796014,1.323879615,1.80726476,4,199
Ampd3,adenosine monophosphate deaminase 3 [Source:MGI Symbol;Acc:MGI:1096344],NA,NA,NA,NA,NA,NA,NA,NA,0.996510484,1.321158896,0.848818039,1.39052685,1.139253567,4,200
Syk,spleen tyrosine kinase [Source:MGI Symbol;Acc:MGI:99515],NA,NA,NA,NA,NA,NA,NA,NA,-0.578466969,-0.798443567,-0.810772893,-0.854776702,-0.760615033,4,201
Ocln,occludin [Source:MGI Symbol;Acc:MGI:106183],NA,NA,NA,NA,NA,NA,NA,NA,0.976979808,1.66926751,1.516538938,1.092590414,1.313844167,4,202
Rgn,regucalcin [Source:MGI Symbol;Acc:MGI:108024],NA,NA,NA,NA,NA,NA,NA,NA,3.375925439,2.390086522,2.217361323,2.038676657,2.505512485,4,203
Meis2,Meis homeobox 2 [Source:MGI Symbol;Acc:MGI:108564],NA,NA,NA,NA,NA,NA,NA,NA,2.016002897,1.984008421,1.188176764,1.959249996,1.78685952,4,204
Gabra4,"gamma-aminobutyric acid (GABA) A receptor, subunit alpha 4 [Source:MGI Symbol;Acc:MGI:95616]",NA,NA,NA,NA,NA,NA,NA,NA,5.279824715,3.125022735,4.84223671,2.888459126,4.033885821,4,205
Antxr2,anthrax toxin receptor 2 [Source:MGI Symbol;Acc:MGI:1919164],NA,NA,NA,NA,NA,NA,NA,NA,-0.717678024,-0.9174399,-0.658171421,-0.981010747,-0.818575023,4,206
Nt5c3,"5'-nucleotidase, cytosolic III [Source:MGI Symbol;Acc:MGI:1927186]",NA,NA,NA,NA,NA,NA,NA,NA,0.600671158,0.7657854,0.769986436,0.719818675,0.714065417,4,207
Chrna7,"cholinergic receptor, nicotinic, alpha polypeptide 7 [Source:MGI Symbol;Acc:MGI:99779]",NA,NA,NA,NA,NA,NA,NA,NA,4.189301161,1.961045264,2.244506339,1.716443507,2.527824068,4,208
Ldhd,lactate dehydrogenase D [Source:MGI Symbol;Acc:MGI:106428],NA,NA,NA,NA,NA,NA,NA,NA,1.405871505,1.598886086,0.944139345,0.977077654,1.231493648,4,209
Pdgfd,"platelet-derived growth factor, D polypeptide [Source:MGI Symbol;Acc:MGI:1919035]",NA,NA,NA,NA,NA,NA,NA,NA,0.741543748,1.191085608,0.953808255,1.165718559,1.013039042,4,210
Acpp,"acid phosphatase, prostate [Source:MGI Symbol;Acc:MGI:1928480]",NA,NA,NA,NA,NA,NA,NA,NA,1.385055497,2.28479654,1.618960961,1.2195434,1.627089099,4,211
Lrrn1,"leucine rich repeat protein 1, neuronal [Source:MGI Symbol;Acc:MGI:106038]",NA,NA,NA,NA,NA,NA,NA,NA,6.063202639,1.573213879,2.124974191,1.810317097,2.892926951,4,212
Camk1d,calcium/calmodulin-dependent protein kinase ID [Source:MGI Symbol;Acc:MGI:2442190],NA,NA,NA,NA,NA,NA,NA,NA,-1.629071531,-2.172894569,-1.048958812,-1.920516184,-1.692860274,4,213
Asb4,ankyrin repeat and SOCS box-containing 4 [Source:MGI Symbol;Acc:MGI:1929751],NA,NA,NA,NA,NA,NA,NA,NA,1.488805469,1.507341004,1.700438284,1.653200293,1.587446263,4,214
Cldn12,claudin 12 [Source:MGI Symbol;Acc:MGI:1929288],NA,NA,NA,NA,NA,NA,NA,NA,0.489375356,0.612140242,0.754417404,0.720439646,0.644093162,4,215
Ntf3,neurotrophin 3 [Source:MGI Symbol;Acc:MGI:97380],NA,NA,NA,NA,NA,NA,NA,NA,9.015957143,3.043263624,3.895196296,2.741950037,4.674091775,4,216
Cd200r4,CD200 receptor 4 [Source:MGI Symbol;Acc:MGI:3036289],NA,NA,NA,NA,NA,NA,NA,NA,2.363607048,0.933058463,1.337906171,1.857802733,1.623093604,4,217
Kdr,kinase insert domain protein receptor [Source:MGI Symbol;Acc:MGI:96683],NA,NA,NA,NA,NA,NA,NA,NA,2.1626307,1.389678104,1.476146761,1.441834967,1.617572633,4,218
Prnp,prion protein [Source:MGI Symbol;Acc:MGI:97769],NA,NA,NA,NA,NA,NA,NA,NA,0.685558632,1.000955824,0.871529298,0.815446268,0.843372505,4,219
Phactr1,phosphatase and actin regulator 1 [Source:MGI Symbol;Acc:MGI:2659021],0.656864536,NA,NA,NA,NA,0.29387179,NA,NA,NA,1.77215421,NA,NA,0.907630179,3,220
Klrb1b,killer cell lectin-like receptor subfamily B member 1B [Source:MGI Symbol;Acc:MGI:107539],NA,-0.509566149,NA,NA,NA,0.682886509,NA,NA,NA,NA,1.95004835,NA,0.70778957,3,221